"text","label"
"Champagnie played like a 2nd overall pick more than the actual 2nd overall pick in Chet","hot_take"
"Champ went undrafted and got waived by....the 76ers","reaction"
"what makes it funnier is the reason he got waived. they needed to make room for mac mcclung so he could wear their jersey in the dunk contest. they waived a finals starter for the dunk contest.","analysis"
"The team of people we gave up on is probably beating us in 5 lmao","hot_take"
"Only real hole is at center, going as far back as letting TJ walk/trading Jerami and: McConnell, McCain, Butler, Bridges, Jerami Grant, Champagnie, Isaiah Joe, Paul Reed.","analysis"
"They're like if the Kings drafted well.","hot_take"
"morey 🤝 divac being stupid as fuck","hot_take"
"Wow another twist to morey oversight saga","reaction"
"Champagnie was Undrafted out of college and he is playing like 20 minutes a game in the WCF making league minimum money. That's fucking crazy.","analysis"
"Meanwhile Chet is taking 2 shots on a max","hot_take"
"Wemby is going to singlehandedly alter the course of Chets career. I've never seen a player get sonned so hard by one player and it visibly crater their impact that way.","hot_take"
"Some dude rolled up on the Spurs sub earlier this year and dropped some popular Chinese nicknames for Spurs players and legends. My favorite by far: Wemby: Most Strict Father of Chet","reaction"
"China has hilarious nicknames for all sorts of things. Not surprised to hear this one.","reaction"
"i was rolling over when dorian finney smith became an electric fan. 电风扇 initials are DFS.","reaction"
"the worst type of mismatch is where the other guy is just better at everything","hot_take"
"Never seen Wemby rock a durag 😤","reaction"
"owned by wemby","reaction"
"Dissected","reaction"
"Showed up exactly when they needed him. A real dawg","reaction"
"And scoring 20 points. Massive buckets","reaction"
"6 of 10 from deep, in a game 7, on a minimum contract.","analysis"
"Hit 4/4 3 pointers in the 3rd quarter or something allowed our rookie to make his mistakes in the 4th. Champagnie magnet game was due, had one in game 5 too, we always need one of him or Vassell to hit their shots","analysis"
"They literally don't win without him","hot_take"
"He was hustling when spurs needed rebounds","reaction"
"And was waived by the Sixers, that org had two players in this series on their squad and said nah","analysis"
"Here's the real kicker. They waved him because they wanted to keep McClung on the roster so he could participate in the slam dunk challenge 🤣","reaction"
"this feels like genuine malpractice that should get someone fired like how can you run a franchise so poorly","hot_take"
"Well Morey did finally get fired lol","reaction"
"Covering the MVP for most of that time in a win too","analysis"
"The Corgi went 7/7!","reaction"
"Generational run by the corgi","reaction"
"Corgi got that dawg in him.","reaction"
"Corgi took more shots than Chet","reaction"
"The comment I came here for","reaction"
"The fuck you dunk at the end was so cathartic and I don't even like the spurs","reaction"
"That was satisfying. Probably wouldn't have done it in their homecourt but since they're on the road he probably really wanted to do that lmao","reaction"
"Also, Vassell secured himself at least 10 points, which always looks good on paper.","analysis"
"Vassel even looked around and hesitated a bit but then like ""why not?""","reaction"
"vasell legit hate the team more than wemby","hot_take"
"Yeah that was a ""with hate in his heart"" slam.","reaction"
"Was watching at my in laws and had been very restrained all game but when Dev got it and started going I yelled ""yeah dunk that shit, fuck em!"" And my wife laughed","reaction"
"I jumped off the couch like I was actually on the spurs. God, I fucking hate okc","reaction"
"GLORIOUS HATEWATCH","reaction"
"From ""Is OKC gonna beat the 16-1 warriors playoff record"" to FADED LMAO","reaction"
"Don't forget 73-9 earlier in the year.","reaction"
"Don't forget, is Shai better than 2016 Steph in terms of numbers in the regular season","hot_take"
"They went from ""is OKC gonna beat the warriors regular season record"" to faded","reaction"
"29 teams won tonight","reaction"
"The game of basketball won tonight.","reaction"
"Seattle won tonight","reaction"
"Sonic fans still out here","reaction"
"HALIBAN AVENGED","reaction"
"THAT RING LOOKING FUNNY IN THE LIGHT.","reaction"
"Alluah Akbar they sent the tower to hit them","reaction"
"This has been a great day for hatewatching","reaction"
"I'm gonna need a hospital visit for this erection","reaction"
"Presti gonna be so pissed lol OKC gonna roll out a lineup of Shai, J Dub, Kawhi, Giannis and Jokic","hot_take"
"That really was just a generational hate-watch.","reaction"
"The chat in my illegal stream was completely locked in on the hate-watch. None of the usual racism or bigotry, just 100% basketball-related hatred","reaction"
"okc ended racism?","reaction"
"Racism ending in Oklahoma is the twist nobody saw coming","reaction"
"I mean they did start it. Might as well be the ones to end it.","reaction"
"Hitler did kill Hitler after all","reaction"
"i think we need to emphasize just what a momumental feat it is to get that chat not to spam racial slurs","reaction"
"Illegal stream chatboxes are some of the most unhinged people I think I've ever seen Like you said , they dont go for the easy suspects in racisim and bigotry ; they go straight for the jugular","reaction"
"My GF got into football this past year and I showed her one of those sites for the games, she could not believe the depravity of the chats. It's some straight PHD-level racism going on in there","reaction"
"Bruh one of the comments during the Bills-Jaguars WC game was : ""Trevor Lawrence is my brother , if my sister decided to sex-change into a lesbian"" I could not think of that insult even if you gave me a week to think about Trevor Lawrence","reaction"
"Luke Kornet statement game even though he was only in for like a minute in the 4th lol","reaction"
"Turns out that Game 7s are a teeny weeny bit tougher to win when your opponent's best players don't have their Achilles blow out 🤯","analysis"
"Yeah all that unethical basketball and they're one tendon away from having won nothing of consequence.","hot_take"
"perhaps we shouldnt be calling teams a dynasty after 1 chip lol","hot_take"
"Deadass happened almost every year since 2021 lmao Bucks, Nuggets, Celtics and Thunder especially  I remember vividly dynasty talks for all of them just for them to immediately lose next season and never get back","analysis"
"We won 5 titles and people still were hesitant to call the spurs a dynasty. Now everyone gets flirted with it after just one","analysis"
"OKC Dynasty 2025-2025 RIP","reaction"
"Getting Third Reich for a 1000 years vibes","reaction"
"Poor Chet gonna see Wemby every year. Bro gonna need a therapist.","reaction"
"He should ask to get traded east, we can swap him for PG13","hot_take"
"Chet sucks","hot_take"
"He played scared. So did SGA at the end, he threw away a couple good looks for no real reason.","analysis"
"SGA driving in on Wemby at the end and dishing out when Wemby was clearly not trying to foul out was beautiful to watch","analysis"
"Wemby was put in purely for him to just stand around and intimidate the shit out of them despite having 5 fouls and it worked. Hilarious","analysis"
"FUCK YOU FLOPPERS EVERYONE GET IN HERE","reaction"
"Counter-Terrorists win","reaction"
"r/NBA 12/25 EDIT: The Spurs averaged 29 wins over the last 6 years, and just eliminated OKC. What the actual fuck","analysis"
"The Lakers elimination thread from not making the playoffs in 2021-2022 is still the most upvoted elimination thread on this subreddit at 53K upvotes. If there's a shot of one beating that it's this one, but I'm not so sure.  Edit: Wow it actually beat it! Holy hate watch lmao","analysis"
"This better overtake it","reaction"
"Never thought I would cheer for the spurs to make the finals","reaction"
"What about cheering for a friend to make the finals?","reaction"
"Aye. I could do that.","reaction"
"The bomb has been defused","reaction"
"Chet Holmgren 😂","reaction"
"THEY REALLY GAVE CHET THE MAX 🤣🤣 DO Type of guy to shoot 2 shots in a Game 7. Fucking embarrassing.","hot_take"
"chet 2 holiday","reaction"
"This is one of the best this year","reaction"
"Legit all-time embarrassing performance. Shooting just twice in a G7.","hot_take"
"All series he has been dog Chet","hot_take"
"He's the number 2 because he just took a shit in a game 7.  Sat the last two minutes. Imagine sitting Scottie Pippen or DWade in the last two minutes of a game 7.","hot_take"
"He sat the last six minutes","analysis"
"He shat the entire series","hot_take"
"Dog Chet new nickname just dropped 😂","reaction"
"dog Chet  This insult seems so obvious in retrospect and yet, I don't think I've seen anybody use it yet. I myself feel like I'm dumb for not thinking of it first. I guess maybe this gives more credence to the argument from oldheads that fundamental moves only seem obvious and easy once they've already been invented. Being the first one to invent something before it exists is why the guys who played against ""plumbers and milkmen"" should be respected more.","analysis"
"This can only be explained by watching, literally suffocated all night by Wemby","hot_take"
"Wemby's defensive presence literally can not be overstated. I've never seen anything like it. Holy fucking shit.","hot_take"
"that last drive by Shai he inexplicably passed it out but then i saw it was Wemby trailing so it made sense","analysis"
"When he attacked wemby but still passed it out on that one posession with wemby having 5 fouls was huge. If he could've fouled him out we might be looking at OKC/NY rn","analysis"
"In Hartenstein + Chet minutes the Spurs would typically put a way smaller defender on Chet and he never took advantage.","analysis"
"I've never seen a ""star"" player more shook","hot_take"
"Chet the bed","reaction"
"He needs to hit the gym","hot_take"
"He looks like running hurts him physically","reaction"
"And Wemby is only 22 so this belt is going to fall on that ass for like a decade straight.","analysis"
"Wemby absolutely has ""It's gonna be like this every time I see you"" vibes lmao.","reaction"
"He has already hated Chet for 5 of his 22 years alive. He's not stopping anytime soon.","reaction"
"FRAUD","reaction"
"CHET WORST GAME 7 PERFORMANCE IN HISTORY","hot_take"
"I'm so fucking happy. No other team besides OKC deserved this ending. Fuck 'em","reaction"
"EVERYONE, GET IN HERE!!!!","reaction"
"PILE ON!","reaction"
"This feels like when Obama walked out and said we killed Bin Laden.","reaction"
"We got'm!!!!!","reaction"
"Victor Wembanyobama","reaction"
"We have caught and compromised to a permanent end.... Shai Gilgeous-Alexander. *crowd chants* GO SPURS GO","reaction"
"Fuck the clippers Edit: I put floppers and it auto corrected it to clippers for some reason lol. I'll leave it","reaction"
"fuck them too.","reaction"
"Lmao","reaction"
"Damn, we always catching strays 😭","reaction"
"99 Rematch it is","reaction"
"AT BACKLASH","reaction"
"Is this how it felt when Germany surrendered in WW2?","reaction"
"Victory in Oklahoma Day","reaction"
"Oklahomaha Beach.","reaction"
"Lu Dort is Goebbels","reaction"
"Literally the exact same thing.","reaction"
"THE SPURS HAVE ACTUALLY DONE IT, BASKETBALL IS SAVED","reaction"
"Arsenal haram ball and OKC terrorism stopped on one day. Counter terrorists have won","reaction"
"2/2 successful hatewatches","reaction"
"THANK YOU SPURS","reaction"
"As a Suns fan it feels rough to root for Spurs. This OKC team is really hated on by all 29 fanbase 😂","reaction"
"I was looking down the barrel of having to root for the Knicks in the Finals. I feel like I have a new lease on life.","reaction"
"and i WILL NOT be calling a doctor","reaction"
"Marked safe from an OKC dynasty for at least two years","reaction"
"I believe this hurts OKC's chances of a back to back.","hot_take"
"But I thought they were gonna beat warriors 16-1 record???","reaction"
"Analytically they're going to the finals","reaction"
"r/NBA 12/25","reaction"
"Ding dong the witch is dead","reaction"
"The evil has been defeated.","reaction"
"Hitler dead","reaction"
"Shaitan","reaction"
"VICTOR ""CAR'A'CARN"" WEMBANYAMA","reaction"
"WE DIIIIIIIIIIIID IT!!!!!!!!!!","reaction"
"HITLER IS DEAD","reaction"
"Lee Harvey Oswald took more shots at JFK in 10 seconds than Chet Holmgren took all night btw","reaction"
"Even crazier when Oswald isn't about to get a Supermax","reaction"
"I mean if he wasn't killed he'd certainly get a Supermax.","reaction"
"Better than the 96 Bulls they said. Better than the 2017 Warriors. They ain't even better than the 1996 Sonics 😭😭","hot_take"
"I don't think they're even better than a healthy Indy last year.","hot_take"
"Right?! People seem to forget that Pacers took them to game 7, and quite possibly would've won it if Hali hadn't gone down","analysis"
"OKC had two game sevens last year vs teams with major injuries. MPJ and Gordon were both broken men for Denver. and obviously Hali was heartbreaking.","analysis"
"I hope this kills OKC's brand of basketball forever","hot_take"
"This is like the Allied powers winning in WW2","reaction"
"Hitler is Canadian in this timeline","reaction"
"Holy shit what a game","reaction"
"27 consecutive flops not called. Sorry OKC I feel you","hot_take"
"SGA passing up a wide open 3 to swing to Dort down 6 under 30 seconds in Game 7.","analysis"
"It's crazy how stale their offense was when flopping was off the table, 8 quarters in a row just lost lmfao Caruso even got to body slam someone for a common foul and didn't matter, LET'S FUCKING GO","analysis"
"I know the whole city of Seattle was rooting for SAS whole serie","hot_take"
"Basketball, if nothing else, has taught us how to hold a grudge","reaction"
"My grandmother was screaming with joy with every made Spurs 3. I wish my uncle were alive to see this.","reaction"
"I kissed my wife for the first time in years.","reaction"
"Bro I'm so happy no matter who win the finals at least it not bitch ass OKC  It'd be bad for basketball for generations to come if OKC run it back to back. Flopballs is not real basketball  FUCK FLOPPING BITCH ASS OKC HAHAHAHA 🤣","reaction"
"BASKETBALL WAS SAVED TONIGHT","reaction"
"COUNTER-TERRORISTS WIN","reaction"
"First Arsenal, now OKC Massive win for the hate watchers today  Knicks vs Spurs is going to be an all timer","reaction"
"generational hate watch day let's gooo","reaction"
"Good news: You are a 7'1"" young player who can ball good, great defense and you were drafted second overall. You've won the chip too. Bad news: There's a 7'5"" player, younger than you, can shoot better than you, can defend better than you, and drafted in the same conference as you. He also hates you specifically.","analysis"
"THAT is ethical basketball","reaction"
"Ethical throw back slam at the end to solidify it after refs tried to tie a 12 point deficit with only 1 FG made in 7 minutes Fuck OKC","reaction"
"Tough for Chet to ever become a top-tier guy if the best player on their rival just completely nullifies him","analysis"
"BREAKING: TONY BROTHERS AND SCOTT FOSTER IN SHAMBLES","reaction"
"HITLER IS DEAD. NAZI GERMANY HAS FALLEN.","reaction"
"The better team won. A story as old as time itself.","hot_take"
"A win for ethical basketball","reaction"
"I don't think it's an understatement to say the Spurs saved democracy.","reaction"
"FADED","reaction"
"harrison barnes game 7 birthday >>>>>>>>","reaction"
"WE DON'T HAVE TO WATCH FLOP CITY ANYMORE.","reaction"
"GET IN HERE BOYS","reaction"
"WE'RE GONNA WITNESS REAL BASKETBALL IN THE FINALS LFGGGGGG","reaction"
"THANK THE BASKETBALL GODS","reaction"
"Fuck this Thunder team. Fuck the refs. And Fuck their over confident passive aggressive fanbase.","reaction"
"Some idiot posted on here they lost on purpose just to set up a G7 win at home for their fans lol.","reaction"
"Lmfao this sub is unmoderated","reaction"
"We might be witnessing history. Wemby is unlike anything we've ever seen already. If he wins a chip at 22 years old as the best player on his team. Man. With a team that went from the bottom of the league when he was drafted just a short few years ago.","analysis"
"CHET IS FUCKING GARBAGE, COUNTER TERRORISTS WIN","reaction"
"There are no more dynasties.  Denver, nope. Boston, nope. OKC, nope.  Warriors were the last one to do back to back. But we're in the finals 5 straight years. We will not see that again with the 2nd apron.","analysis"
"Wemby made a Eunich out of Chet","reaction"
"36.6k upvotes Holy shit 😂","reaction"
"This post is gonna go nuclear","reaction"
"BYE BYE 👋","reaction"
"I won't defend Kawhi cause some of Plaschke's complaints are like deja vu to my team, but he should be more upset at the org for what they already knew about Kawhi needing load management and bending over to get the PG trade done. Kawhi doesn't do all of this in a vacuum by himself.","analysis"
"The hilarious part is that if he'd re-signed with Toronto, the Raptors stand a very good shot of having 2-3 more rings right now, and the S&C staff and load management mean Kawhi is probably injured a LOT less than he has been. They probably never sell in the retool, never lose Masai Uriji, and keep Annouby and the others. Instead, Kawhi has had no success, and has basically been a footnote in the league since 2020.","analysis"
"Sorry, but you can't retroactively call the kawhi signing or the PG trade bad with the benefit of hindsight. You can only judge it by what we knew at the time. PG was PG, and he was balling out at the time, and nobody really knew what SGA would turn into.","analysis"
"The franchise absolutely did not deserve better. They knew Kawhi had a degenerative knee condition, which has been the cause of a lot of the issues the team has had once they signed him. It was the biggest story in the NBA for an entire fucking year. There was no mystery there. They still happily signed him, made a trade that convinced him to sign, and later signed him to an extension.","analysis"
"He was a terrible signing not just because of what he's done (or not done), but also his demand to have Paul George on the team with him. The Clippers had to give up a bunch of future picks to get Paul George, who played a max of 56 games a season for the Clippers.","analysis"
"All of this rings true. But no, we're not going to pretend Ballmer has not done this to himself. Kawhi hasn't abused an organization, the organization bent broke and circumvented every rule to get its way. It didn't work out, so now Kawhi is the perpetrator and Ballmer is the victim.","analysis"
"Other than 2 seasons the 5 seemed like normal seasons for him. They knew load management was his spirit animal before they signed him. He finished top 10 in MVP voting twice and 13th another time. Also, 4 all-star games in those 5 seasons.","analysis"
"As a Clippers fan, I feel people are making this into something much bigger than it is. We had the opportunity to hit a home run and we tried it; it didn't work. There's no world where you don't make that move, the opportunity to have 2 All-NBA caliber players doesn't come often.","analysis"
"Was gonna say I think that Rendon contract is worse, but if you combine this Kawhi contract with the Paul George trade.... Then yeah ol Bill may have a point","analysis"
"I just think the new owner syndrome is extending longer than it should due to the new stadium. Steve acted as if he had a short time limit like he's some GM instead of taking his time to air the franchise out which is going to include missing the playoffs.","analysis"
"He gone. This is the Kawhi hit piece narrative","hot_take"
"Why the hell did the Clippers deserve so much better?? They poached him from Toronto and paid him under the table ffs! Poor Ballmer, he fucking cheated so he could get ripped off by Kawhi lmao","hot_take"
"No one feels sorry for Steve Ballmer.","hot_take"
"Spurs fans have known this guy is a shady ass for years surprised it took this long for the narrative to change around him","hot_take"
"Spurs fans never realized it at the time but they were actually lucky he left.","hot_take"
"Ballmer is literally cheating the entire league with these backdoor payments. The Clippers deserve fuck all.","hot_take"
"Now you know why he really wanted out of San Antonio - Popovich would have tolerated none of this Bull Crap","hot_take"
"Kawhi has been incredible when healthy. I find it incredibly hard to blame an athlete for not being healthy. Everything else is hyperbole. Plaschke has been a talentless hack and a hot take artist for too long","hot_take"
"Rendon is far worse.","hot_take"
"Lakers dodged a major bullet with all that free agency bs. Clippers deserve him.","hot_take"
"Lawrence Frank and Steve Balmer wanted Kawhi. They should have turned their backs on him when the price became too high and let him go to the Lakers. They couldn't call his bluff because they didn't know the franchise building block they had in SGA. Oh well. That's how the dice rolls sometimes.","analysis"
"There's no way they should have paid that much. If Presti refused to take less, the Clips should have gone back to Kawhi and said, look, the price for PG is ridiculous, who else should we try to get?","analysis"
"Kawhi and Clippers literally reek of a rules don't apply to us mentality. Tampering rules, illegal perk rules, NBA agent certification rules, cap circumventing rules, injury reporting rules - none of it applied to them apparently.","analysis"
"it's Plaschke so even I will not revel in this hit piece because he's basically the Kendrick Perkins of the L.A. sports beat, albeit with probably a better vocabulary and better shooting stroke.","analysis"
"There is no way the protocol is to not ask about the nagging injury. Funny thing is that's what it was all about with the Spurs. He got paid and some, credit to navigating that situation into 300 million. If I was a GM I'd pay whatever the vet min is for him. Probably like 15 mil a year to only work in the playoffs.","analysis"
"You know kawhi's injury history, and his antics in the spurs and signed him anyway. Only complains because it didnt work. It was the same with simmons, with luca, same kyrie. They are hard to deal with even brunson was getting shit for being too ball dominant. If you dont win, it is always someones fault, its just how it is.","analysis"
"People don't give the Clippers enough shit for the Paul George trade","hot_take"
"With the way he handled his exit from the Spurs, did anyone expect this wouldn't eventually happen?","hot_take"
"He got paid. He lived at home. That's all he wanted. He left two organizations he won rings and was the finals MVP with. Man lives life on his own accord. It's admirable","hot_take"
"I have never gone from more high on a player post championship to completely disgusted by them like I did with Kawhi. The way he did the spurs turned me completely off the pro game for a couple of years. Fuck him.","hot_take"